id,amount,category,ts,amount_tier,date,hour,amount_zscore
0,109.14,A,2024-01-01 00:00:00,high,2024-01-01,0,0.3298
1,68.8,A,2024-01-01 01:00:00,medium,2024-01-01,1,-1.0421
2,122.51,C,2024-01-01 02:00:00,high,2024-01-01,2,0.7846
3,128.22,C,2024-01-01 03:00:00,high,2024-01-01,3,0.9788
4,41.47,A,2024-01-01 04:00:00,low,2024-01-01,4,-1.9716
5,60.93,B,2024-01-01 05:00:00,medium,2024-01-01,5,-1.3098
6,103.84,A,2024-01-01 06:00:00,high,2024-01-01,6,0.1496
7,90.51,A,2024-01-01 07:00:00,medium,2024-01-01,7,-0.3038
8,99.5,A,2024-01-01 08:00:00,medium,2024-01-01,8,0.002
9,74.41,A,2024-01-01 09:00:00,medium,2024-01-01,9,-0.8513
10,126.38,B,2024-01-01 10:00:00,high,2024-01-01,10,0.9162
11,123.33,UNKNOWN,2024-01-01 11:00:00,high,2024-01-01,11,0.8124
12,101.98,A,2024-01-01 12:00:00,high,2024-01-01,12,0.0863
13,133.82,B,2024-01-01 13:00:00,high,2024-01-01,13,1.1692
14,114.03,C,2024-01-01 14:00:00,high,2024-01-01,14,0.4962
15,74.22,UNKNOWN,2024-01-01 15:00:00,medium,2024-01-01,15,-0.8578
16,111.06,B,2024-01-01 16:00:00,high,2024-01-01,16,0.3951
17,71.23,A,2024-01-01 17:00:00,medium,2024-01-01,17,-0.9595
18,126.35,B,2024-01-01 18:00:00,high,2024-01-01,18,0.9152
19,98.5,A,2024-01-01 19:00:00,medium,2024-01-01,19,-0.032
20,94.45,UNKNOWN,2024-01-01 20:00:00,medium,2024-01-01,20,-0.1698
21,79.57,A,2024-01-01 21:00:00,medium,2024-01-01,21,-0.6758
22,136.68,B,2024-01-01 22:00:00,high,2024-01-01,22,1.2665
23,95.36,A,2024-01-01 23:00:00,medium,2024-01-01,23,-0.1388
24,87.15,B,2024-01-02 00:00:00,medium,2024-01-02,0,-0.418
25,89.44,C,2024-01-02 01:00:00,medium,2024-01-02,1,-0.3401
26,115.97,B,2024-01-02 02:00:00,high,2024-01-02,2,0.5621
27,110.96,B,2024-01-02 03:00:00,high,2024-01-02,3,0.3917
28,112.38,UNKNOWN,2024-01-02 04:00:00,high,2024-01-02,4,0.44
29,112.92,C,2024-01-02 05:00:00,high,2024-01-02,5,0.4584
30,164.25,A,2024-01-02 06:00:00,premium,2024-01-02,6,2.2041
31,87.81,B,2024-01-02 07:00:00,medium,2024-01-02,7,-0.3956
32,84.63,B,2024-01-02 08:00:00,medium,2024-01-02,8,-0.5037
33,75.59,B,2024-01-02 09:00:00,medium,2024-01-02,9,-0.8112
34,118.48,A,2024-01-02 10:00:00,high,2024-01-02,10,0.6475
35,133.87,A,2024-01-02 11:00:00,high,2024-01-02,11,1.1709
36,96.58,UNKNOWN,2024-01-02 12:00:00,medium,2024-01-02,12,-0.0973
37,74.8,UNKNOWN,2024-01-02 13:00:00,medium,2024-01-02,13,-0.8381
38,75.27,C,2024-01-02 14:00:00,medium,2024-01-02,14,-0.8221
39,119.52,UNKNOWN,2024-01-02 15:00:00,high,2024-01-02,15,0.6829
40,122.3,C,2024-01-02 16:00:00,high,2024-01-02,16,0.7774
41,116.29,C,2024-01-02 17:00:00,high,2024-01-02,17,0.573
42,80.03,C,2024-01-02 18:00:00,medium,2024-01-02,18,-0.6602
43,106.96,B,2024-01-02 19:00:00,high,2024-01-02,19,0.2557
44,103.5,B,2024-01-02 20:00:00,high,2024-01-02,20,0.138
45,106.56,A,2024-01-02 21:00:00,high,2024-01-02,21,0.2421
46,126.14,B,2024-01-02 22:00:00,high,2024-01-02,22,0.908
47,106.71,A,2024-01-02 23:00:00,high,2024-01-02,23,0.2472
48,120.37,A,2024-01-03 00:00:00,high,2024-01-03,0,0.7118
49,102.03,B,2024-01-03 01:00:00,high,2024-01-03,1,0.088
50,108.67,B,2024-01-03 02:00:00,high,2024-01-03,2,0.3139
51,118.94,A,2024-01-03 03:00:00,high,2024-01-03,3,0.6631
52,56.29,C,2024-01-03 04:00:00,medium,2024-01-03,4,-1.4676
53,90.41,C,2024-01-03 05:00:00,medium,2024-01-03,5,-0.3072
54,85.89,A,2024-01-03 06:00:00,medium,2024-01-03,6,-0.4609
55,80.83,A,2024-01-03 07:00:00,medium,2024-01-03,7,-0.633
56,91.75,A,2024-01-03 08:00:00,medium,2024-01-03,8,-0.2616
57,144.85,C,2024-01-03 09:00:00,high,2024-01-03,9,1.5443
58,74.03,C,2024-01-03 10:00:00,medium,2024-01-03,10,-0.8642
59,129.05,A,2024-01-03 11:00:00,high,2024-01-03,11,1.007
60,49.51,C,2024-01-03 12:00:00,low,2024-01-03,12,-1.6982
61,89.95,A,2024-01-03 13:00:00,medium,2024-01-03,13,-0.3228
62,104.88,A,2024-01-03 14:00:00,high,2024-01-03,14,0.185
63,117.59,UNKNOWN,2024-01-03 15:00:00,high,2024-01-03,15,0.6172
64,121.34,A,2024-01-03 16:00:00,high,2024-01-03,16,0.7448
65,123.8,A,2024-01-03 17:00:00,high,2024-01-03,17,0.8284
66,89.54,B,2024-01-03 18:00:00,medium,2024-01-03,18,-0.3367
67,86.13,B,2024-01-03 19:00:00,medium,2024-01-03,19,-0.4527
68,125.74,UNKNOWN,2024-01-03 20:00:00,high,2024-01-03,20,0.8944
69,94.26,UNKNOWN,2024-01-03 21:00:00,medium,2024-01-03,21,-0.1762
70,61.73,A,2024-01-03 22:00:00,medium,2024-01-03,22,-1.2826
71,66.0,A,2024-01-03 23:00:00,medium,2024-01-03,23,-1.1373
72,72.42,C,2024-01-04 00:00:00,medium,2024-01-04,0,-0.919
73,114.91,A,2024-01-04 01:00:00,high,2024-01-04,1,0.5261
74,104.27,C,2024-01-04 02:00:00,high,2024-01-04,2,0.1642
75,120.71,B,2024-01-04 03:00:00,high,2024-01-04,3,0.7233
76,87.18,A,2024-01-04 04:00:00,medium,2024-01-04,4,-0.417
77,104.76,C,2024-01-04 05:00:00,high,2024-01-04,5,0.1809
78,118.77,A,2024-01-04 06:00:00,high,2024-01-04,6,0.6574
79,90.72,B,2024-01-04 07:00:00,medium,2024-01-04,7,-0.2966
80,113.7,B,2024-01-04 08:00:00,high,2024-01-04,8,0.4849
81,80.14,B,2024-01-04 09:00:00,medium,2024-01-04,9,-0.6564
82,89.11,B,2024-01-04 10:00:00,medium,2024-01-04,10,-0.3514
83,88.55,B,2024-01-04 11:00:00,medium,2024-01-04,11,-0.3704
84,64.12,UNKNOWN,2024-01-04 12:00:00,medium,2024-01-04,12,-1.2013
85,114.61,UNKNOWN,2024-01-04 13:00:00,high,2024-01-04,13,0.5159
86,85.92,B,2024-01-04 14:00:00,medium,2024-01-04,14,-0.4599
87,100.37,A,2024-01-04 15:00:00,high,2024-01-04,15,0.0316
88,114.42,C,2024-01-04 16:00:00,high,2024-01-04,16,0.5094
89,113.4,UNKNOWN,2024-01-04 17:00:00,high,2024-01-04,17,0.4747
90,119.96,A,2024-01-04 18:00:00,high,2024-01-04,18,0.6978
91,97.05,B,2024-01-04 19:00:00,medium,2024-01-04,19,-0.0813
92,87.3,B,2024-01-04 20:00:00,medium,2024-01-04,20,-0.4129
93,97.61,A,2024-01-04 21:00:00,medium,2024-01-04,21,-0.0623
94,49.38,B,2024-01-04 22:00:00,low,2024-01-04,22,-1.7026
95,56.59,A,2024-01-04 23:00:00,medium,2024-01-04,23,-1.4574
96,60.32,C,2024-01-05 00:00:00,medium,2024-01-05,0,-1.3305
97,70.08,C,2024-01-05 01:00:00,medium,2024-01-05,1,-0.9986
98,111.99,C,2024-01-05 02:00:00,high,2024-01-05,2,0.4268
99,72.84,B,2024-01-05 03:00:00,medium,2024-01-05,3,-0.9047
100,88.66,A,2024-01-05 04:00:00,medium,2024-01-05,4,-0.3667
101,138.98,C,2024-01-05 05:00:00,high,2024-01-05,5,1.3447
102,89.31,C,2024-01-05 06:00:00,medium,2024-01-05,6,-0.3446
103,122.13,B,2024-01-05 07:00:00,high,2024-01-05,7,0.7716
104,71.99,C,2024-01-05 08:00:00,medium,2024-01-05,8,-0.9336
105,93.84,A,2024-01-05 09:00:00,medium,2024-01-05,9,-0.1905
106,71.5,C,2024-01-05 10:00:00,medium,2024-01-05,10,-0.9503
107,89.83,A,2024-01-05 11:00:00,medium,2024-01-05,11,-0.3269
108,125.21,A,2024-01-05 12:00:00,high,2024-01-05,12,0.8764
109,48.18,B,2024-01-05 13:00:00,low,2024-01-05,13,-1.7434
110,113.03,A,2024-01-05 14:00:00,high,2024-01-05,14,0.4621
111,107.13,A,2024-01-05 15:00:00,high,2024-01-05,15,0.2615
112,82.18,A,2024-01-05 16:00:00,medium,2024-01-05,16,-0.5871
113,56.62,B,2024-01-05 17:00:00,medium,2024-01-05,17,-1.4564
114,102.16,C,2024-01-05 18:00:00,high,2024-01-05,18,0.0925
115,84.12,A,2024-01-05 19:00:00,medium,2024-01-05,19,-0.5211
116,106.98,B,2024-01-05 20:00:00,high,2024-01-05,20,0.2564
117,100.66,C,2024-01-05 21:00:00,high,2024-01-05,21,0.0414
118,148.05,A,2024-01-05 22:00:00,high,2024-01-05,22,1.6532
119,92.82,A,2024-01-05 23:00:00,medium,2024-01-05,23,-0.2252
120,69.3,C,2024-01-06 00:00:00,medium,2024-01-06,0,-1.0251
121,105.38,C,2024-01-06 01:00:00,high,2024-01-06,1,0.202
122,106.6,B,2024-01-06 02:00:00,high,2024-01-06,2,0.2435
123,140.78,C,2024-01-06 03:00:00,high,2024-01-06,3,1.4059
124,125.05,A,2024-01-06 04:00:00,high,2024-01-06,4,0.8709
126,143.9,C,2024-01-06 06:00:00,high,2024-01-06,6,1.512
127,64.34,A,2024-01-06 07:00:00,medium,2024-01-06,7,-1.1938
128,80.81,C,2024-01-06 08:00:00,medium,2024-01-06,8,-0.6337
129,72.2,B,2024-01-06 09:00:00,medium,2024-01-06,9,-0.9265
130,88.31,C,2024-01-06 10:00:00,medium,2024-01-06,10,-0.3786
131,58.7,B,2024-01-06 11:00:00,medium,2024-01-06,11,-1.3856
132,119.05,A,2024-01-06 12:00:00,high,2024-01-06,12,0.6669
133,93.33,A,2024-01-06 13:00:00,medium,2024-01-06,13,-0.2078
134,55.88,A,2024-01-06 14:00:00,medium,2024-01-06,14,-1.4815
135,69.53,C,2024-01-06 15:00:00,medium,2024-01-06,15,-1.0173
136,109.41,A,2024-01-06 16:00:00,high,2024-01-06,16,0.339
137,125.14,A,2024-01-06 17:00:00,high,2024-01-06,17,0.874
138,159.9,A,2024-01-06 18:00:00,premium,2024-01-06,18,2.0562
139,187.42,A,2024-01-06 19:00:00,premium,2024-01-06,19,2.9921
140,112.43,C,2024-01-06 20:00:00,high,2024-01-06,20,0.4417
141,70.31,A,2024-01-06 21:00:00,medium,2024-01-06,21,-0.9908
142,36.04,UNKNOWN,2024-01-06 22:00:00,low,2024-01-06,22,-2.1563
143,108.03,A,2024-01-06 23:00:00,high,2024-01-06,23,0.2921
144,75.61,B,2024-01-07 00:00:00,medium,2024-01-07,0,-0.8105
145,87.54,B,2024-01-07 01:00:00,medium,2024-01-07,1,-0.4048
146,81.64,A,2024-01-07 02:00:00,medium,2024-01-07,2,-0.6054
147,95.78,C,2024-01-07 03:00:00,medium,2024-01-07,3,-0.1245
148,131.98,UNKNOWN,2024-01-07 04:00:00,high,2024-01-07,4,1.1066
149,104.71,C,2024-01-07 05:00:00,high,2024-01-07,5,0.1792
150,95.24,A,2024-01-07 06:00:00,medium,2024-01-07,6,-0.1429
151,68.93,A,2024-01-07 07:00:00,medium,2024-01-07,7,-1.0377
152,49.76,B,2024-01-07 08:00:00,low,2024-01-07,8,-1.6897
153,85.41,A,2024-01-07 09:00:00,medium,2024-01-07,9,-0.4772
154,98.39,C,2024-01-07 10:00:00,medium,2024-01-07,10,-0.0358
155,153.04,B,2024-01-07 11:00:00,premium,2024-01-07,11,1.8229
156,103.91,B,2024-01-07 12:00:00,high,2024-01-07,12,0.152
157,129.48,C,2024-01-07 13:00:00,high,2024-01-07,13,1.0216
158,85.02,C,2024-01-07 14:00:00,medium,2024-01-07,14,-0.4905
159,64.45,A,2024-01-07 15:00:00,medium,2024-01-07,15,-1.1901
160,71.05,A,2024-01-07 16:00:00,medium,2024-01-07,16,-0.9656
161,78.24,B,2024-01-07 17:00:00,medium,2024-01-07,17,-0.7211
162,163.85,B,2024-01-07 18:00:00,premium,2024-01-07,18,2.1905
163,75.36,A,2024-01-07 19:00:00,medium,2024-01-07,19,-0.819
164,125.15,B,2024-01-07 20:00:00,high,2024-01-07,20,0.8743
165,72.91,C,2024-01-07 21:00:00,medium,2024-01-07,21,-0.9023
166,127.95,C,2024-01-07 22:00:00,high,2024-01-07,22,0.9696
167,111.55,B,2024-01-07 23:00:00,high,2024-01-07,23,0.4118
168,95.3,A,2024-01-08 00:00:00,medium,2024-01-08,0,-0.1408
169,98.78,A,2024-01-08 01:00:00,medium,2024-01-08,1,-0.0225
170,80.36,B,2024-01-08 02:00:00,medium,2024-01-08,2,-0.649
171,113.38,A,2024-01-08 03:00:00,high,2024-01-08,3,0.474
172,86.35,B,2024-01-08 04:00:00,medium,2024-01-08,4,-0.4452
173,63.23,B,2024-01-08 05:00:00,medium,2024-01-08,5,-1.2315
174,61.66,A,2024-01-08 06:00:00,medium,2024-01-08,6,-1.2849
175,105.18,A,2024-01-08 07:00:00,high,2024-01-08,7,0.1952
176,147.37,A,2024-01-08 08:00:00,high,2024-01-08,8,1.63
177,104.8,C,2024-01-08 09:00:00,high,2024-01-08,9,0.1822
178,96.44,B,2024-01-08 10:00:00,medium,2024-01-08,10,-0.1021
179,108.57,A,2024-01-08 11:00:00,high,2024-01-08,11,0.3105
180,139.18,C,2024-01-08 12:00:00,high,2024-01-08,12,1.3515
181,106.58,B,2024-01-08 13:00:00,high,2024-01-08,13,0.2428
182,87.67,B,2024-01-08 14:00:00,medium,2024-01-08,14,-0.4003
183,133.19,UNKNOWN,2024-01-08 15:00:00,high,2024-01-08,15,1.1478
184,112.86,A,2024-01-08 16:00:00,high,2024-01-08,16,0.4564
185,146.07,A,2024-01-08 17:00:00,high,2024-01-08,17,1.5858
186,105.5,B,2024-01-08 18:00:00,high,2024-01-08,18,0.2061
188,58.96,B,2024-01-08 20:00:00,medium,2024-01-08,20,-1.3768
189,149.53,A,2024-01-08 21:00:00,high,2024-01-08,21,1.7035
190,151.71,A,2024-01-08 22:00:00,premium,2024-01-08,22,1.7776
191,94.61,A,2024-01-08 23:00:00,medium,2024-01-08,23,-0.1643
192,88.5,B,2024-01-09 00:00:00,medium,2024-01-09,0,-0.3721
193,143.84,A,2024-01-09 01:00:00,high,2024-01-09,1,1.51
194,66.79,A,2024-01-09 02:00:00,medium,2024-01-09,2,-1.1105
195,73.16,C,2024-01-09 03:00:00,medium,2024-01-09,3,-0.8938
196,119.3,A,2024-01-09 04:00:00,high,2024-01-09,4,0.6754
197,88.16,A,2024-01-09 05:00:00,medium,2024-01-09,5,-0.3837
198,99.85,A,2024-01-09 06:00:00,medium,2024-01-09,6,0.0139
199,95.1,A,2024-01-09 07:00:00,medium,2024-01-09,7,-0.1477
200,110.13,A,2024-01-09 08:00:00,high,2024-01-09,8,0.3635
201,142.22,B,2024-01-09 09:00:00,high,2024-01-09,9,1.4549
202,102.72,A,2024-01-09 10:00:00,high,2024-01-09,10,0.1115
203,119.32,C,2024-01-09 11:00:00,high,2024-01-09,11,0.6761
204,38.49,UNKNOWN,2024-01-09 12:00:00,low,2024-01-09,12,-2.0729
205,98.54,A,2024-01-09 13:00:00,medium,2024-01-09,13,-0.0307
206,74.7,A,2024-01-09 14:00:00,medium,2024-01-09,14,-0.8415
207,63.44,A,2024-01-09 15:00:00,medium,2024-01-09,15,-1.2244
208,73.66,B,2024-01-09 16:00:00,medium,2024-01-09,16,-0.8768
209,89.98,A,2024-01-09 17:00:00,medium,2024-01-09,17,-0.3218
210,127.48,C,2024-01-09 18:00:00,high,2024-01-09,18,0.9536
211,60.21,C,2024-01-09 19:00:00,medium,2024-01-09,19,-1.3343
212,100.92,C,2024-01-09 20:00:00,high,2024-01-09,20,0.0503
213,85.47,B,2024-01-09 21:00:00,medium,2024-01-09,21,-0.4752
214,90.17,UNKNOWN,2024-01-09 22:00:00,medium,2024-01-09,22,-0.3153
215,130.08,A,2024-01-09 23:00:00,high,2024-01-09,23,1.042
216,116.14,B,2024-01-10 00:00:00,high,2024-01-10,0,0.5679
217,140.12,A,2024-01-10 01:00:00,high,2024-01-10,1,1.3835
218,95.36,UNKNOWN,2024-01-10 02:00:00,medium,2024-01-10,2,-0.1388
219,79.12,B,2024-01-10 03:00:00,medium,2024-01-10,3,-0.6911
220,93.28,C,2024-01-10 04:00:00,medium,2024-01-10,4,-0.2095
221,107.27,A,2024-01-10 05:00:00,high,2024-01-10,5,0.2662
222,105.3,UNKNOWN,2024-01-10 06:00:00,high,2024-01-10,6,0.1992
223,67.47,B,2024-01-10 07:00:00,medium,2024-01-10,7,-1.0873
224,102.71,B,2024-01-10 08:00:00,high,2024-01-10,8,0.1112
225,106.85,UNKNOWN,2024-01-10 09:00:00,high,2024-01-10,9,0.252
226,175.52,A,2024-01-10 10:00:00,premium,2024-01-10,10,2.5874
227,156.31,A,2024-01-10 11:00:00,premium,2024-01-10,11,1.9341
228,74.4,B,2024-01-10 12:00:00,medium,2024-01-10,12,-0.8517
229,91.38,A,2024-01-10 13:00:00,medium,2024-01-10,13,-0.2742
230,56.1,A,2024-01-10 14:00:00,medium,2024-01-10,14,-1.474
231,82.28,A,2024-01-10 15:00:00,medium,2024-01-10,15,-0.5837
232,109.47,A,2024-01-10 16:00:00,high,2024-01-10,16,0.3411
233,136.18,C,2024-01-10 17:00:00,high,2024-01-10,17,1.2495
234,78.13,B,2024-01-10 18:00:00,medium,2024-01-10,18,-0.7248
235,80.38,A,2024-01-10 19:00:00,medium,2024-01-10,19,-0.6483
236,35.58,B,2024-01-10 20:00:00,low,2024-01-10,20,-2.1719
237,95.12,B,2024-01-10 21:00:00,medium,2024-01-10,21,-0.147
238,68.13,B,2024-01-10 22:00:00,medium,2024-01-10,22,-1.0649
239,84.12,UNKNOWN,2024-01-10 23:00:00,medium,2024-01-10,23,-0.5211
240,73.69,UNKNOWN,2024-01-11 00:00:00,medium,2024-01-11,0,-0.8758
241,97.17,A,2024-01-11 01:00:00,medium,2024-01-11,1,-0.0773
242,47.27,A,2024-01-11 02:00:00,low,2024-01-11,2,-1.7743
243,55.99,B,2024-01-11 03:00:00,medium,2024-01-11,3,-1.4778
244,163.88,B,2024-01-11 04:00:00,premium,2024-01-11,4,2.1915
245,61.38,B,2024-01-11 05:00:00,medium,2024-01-11,5,-1.2945
246,67.1,B,2024-01-11 06:00:00,medium,2024-01-11,6,-1.0999
247,155.11,B,2024-01-11 07:00:00,premium,2024-01-11,7,1.8933
248,187.15,A,2024-01-11 08:00:00,premium,2024-01-11,8,2.983
249,64.85,A,2024-01-11 09:00:00,medium,2024-01-11,9,-1.1764
250,88.95,A,2024-01-11 10:00:00,medium,2024-01-11,10,-0.3568
251,110.25,A,2024-01-11 11:00:00,high,2024-01-11,11,0.3676
252,151.86,A,2024-01-11 12:00:00,premium,2024-01-11,12,1.7827
253,70.39,C,2024-01-11 13:00:00,medium,2024-01-11,13,-0.988
254,92.64,A,2024-01-11 14:00:00,medium,2024-01-11,14,-0.2313
255,123.32,A,2024-01-11 15:00:00,high,2024-01-11,15,0.8121
256,113.04,B,2024-01-11 16:00:00,high,2024-01-11,16,0.4625
257,88.72,C,2024-01-11 17:00:00,medium,2024-01-11,17,-0.3646
259,58.75,C,2024-01-11 19:00:00,medium,2024-01-11,19,-1.3839
260,92.85,UNKNOWN,2024-01-11 20:00:00,medium,2024-01-11,20,-0.2242
261,92.01,B,2024-01-11 21:00:00,medium,2024-01-11,21,-0.2527
262,106.97,B,2024-01-11 22:00:00,high,2024-01-11,22,0.256
263,83.34,A,2024-01-11 23:00:00,medium,2024-01-11,23,-0.5476
264,114.15,UNKNOWN,2024-01-12 00:00:00,high,2024-01-12,0,0.5002
265,130.38,A,2024-01-12 01:00:00,high,2024-01-12,1,1.0522
266,104.66,UNKNOWN,2024-01-12 02:00:00,high,2024-01-12,2,0.1775
267,110.55,B,2024-01-12 03:00:00,high,2024-01-12,3,0.3778
268,101.59,A,2024-01-12 04:00:00,high,2024-01-12,4,0.0731
269,100.0,A,2024-01-12 05:00:00,medium,2024-01-12,5,0.019
270,78.35,B,2024-01-12 06:00:00,medium,2024-01-12,6,-0.7173
271,109.49,B,2024-01-12 07:00:00,high,2024-01-12,7,0.3418
272,97.08,A,2024-01-12 08:00:00,medium,2024-01-12,8,-0.0803
273,162.8,C,2024-01-12 09:00:00,premium,2024-01-12,9,2.1548
274,147.2,C,2024-01-12 10:00:00,high,2024-01-12,10,1.6243
275,111.58,B,2024-01-12 11:00:00,high,2024-01-12,11,0.4128
276,77.11,B,2024-01-12 12:00:00,medium,2024-01-12,12,-0.7595
277,66.63,A,2024-01-12 13:00:00,medium,2024-01-12,13,-1.1159
278,135.73,C,2024-01-12 14:00:00,high,2024-01-12,14,1.2342
279,107.88,A,2024-01-12 15:00:00,high,2024-01-12,15,0.287
280,114.4,C,2024-01-12 16:00:00,high,2024-01-12,16,0.5087
281,47.66,A,2024-01-12 17:00:00,low,2024-01-12,17,-1.7611
282,127.82,B,2024-01-12 18:00:00,high,2024-01-12,18,0.9652
283,113.63,A,2024-01-12 19:00:00,high,2024-01-12,19,0.4826
284,66.69,A,2024-01-12 20:00:00,medium,2024-01-12,20,-1.1139
285,85.85,C,2024-01-12 21:00:00,medium,2024-01-12,21,-0.4622
286,107.91,B,2024-01-12 22:00:00,high,2024-01-12,22,0.288
287,101.57,B,2024-01-12 23:00:00,high,2024-01-12,23,0.0724
288,91.23,UNKNOWN,2024-01-13 00:00:00,medium,2024-01-13,0,-0.2793
289,96.9,UNKNOWN,2024-01-13 01:00:00,medium,2024-01-13,1,-0.0864
290,92.44,C,2024-01-13 02:00:00,medium,2024-01-13,2,-0.2381
291,104.58,A,2024-01-13 03:00:00,high,2024-01-13,3,0.1748
292,144.14,B,2024-01-13 04:00:00,high,2024-01-13,4,1.5202
293,23.0,C,2024-01-13 05:00:00,low,2024-01-13,5,-2.5998
294,92.89,A,2024-01-13 06:00:00,medium,2024-01-13,6,-0.2228
295,105.3,A,2024-01-13 07:00:00,high,2024-01-13,7,0.1992
296,108.88,C,2024-01-13 08:00:00,high,2024-01-13,8,0.321
297,88.84,B,2024-01-13 09:00:00,medium,2024-01-13,9,-0.3606
298,47.3,B,2024-01-13 10:00:00,low,2024-01-13,10,-1.7733
299,109.84,UNKNOWN,2024-01-13 11:00:00,high,2024-01-13,11,0.3537
300,151.82,B,2024-01-13 12:00:00,premium,2024-01-13,12,1.7814
301,53.98,B,2024-01-13 13:00:00,medium,2024-01-13,13,-1.5461
302,125.91,A,2024-01-13 14:00:00,high,2024-01-13,14,0.9002
303,90.14,B,2024-01-13 15:00:00,medium,2024-01-13,15,-0.3163
304,98.16,A,2024-01-13 16:00:00,medium,2024-01-13,16,-0.0436
305,68.41,C,2024-01-13 17:00:00,medium,2024-01-13,17,-1.0554
306,89.97,C,2024-01-13 18:00:00,medium,2024-01-13,18,-0.3221
307,139.0,A,2024-01-13 19:00:00,high,2024-01-13,19,1.3454
308,117.48,A,2024-01-13 20:00:00,high,2024-01-13,20,0.6135
309,151.97,C,2024-01-13 21:00:00,premium,2024-01-13,21,1.7865
310,135.32,A,2024-01-13 22:00:00,high,2024-01-13,22,1.2202
311,113.17,B,2024-01-13 23:00:00,high,2024-01-13,23,0.4669
312,152.32,B,2024-01-14 00:00:00,premium,2024-01-14,0,1.7984
313,113.17,B,2024-01-14 01:00:00,high,2024-01-14,1,0.4669
314,124.84,A,2024-01-14 02:00:00,high,2024-01-14,2,0.8638
315,91.1,B,2024-01-14 03:00:00,medium,2024-01-14,3,-0.2837
316,102.0,A,2024-01-14 04:00:00,high,2024-01-14,4,0.087
317,79.08,B,2024-01-14 05:00:00,medium,2024-01-14,5,-0.6925
318,129.69,A,2024-01-14 06:00:00,high,2024-01-14,6,1.0287
319,64.65,B,2024-01-14 07:00:00,medium,2024-01-14,7,-1.1833
320,123.47,B,2024-01-14 08:00:00,high,2024-01-14,8,0.8172
321,94.28,A,2024-01-14 09:00:00,medium,2024-01-14,9,-0.1755
322,135.14,A,2024-01-14 10:00:00,high,2024-01-14,10,1.2141
323,122.53,A,2024-01-14 11:00:00,high,2024-01-14,11,0.7852
324,154.62,A,2024-01-14 12:00:00,premium,2024-01-14,12,1.8766
325,121.92,A,2024-01-14 13:00:00,high,2024-01-14,13,0.7645
326,52.84,UNKNOWN,2024-01-14 14:00:00,medium,2024-01-14,14,-1.5849
327,97.99,B,2024-01-14 15:00:00,medium,2024-01-14,15,-0.0494
328,64.84,C,2024-01-14 16:00:00,medium,2024-01-14,16,-1.1768
329,84.45,UNKNOWN,2024-01-14 17:00:00,medium,2024-01-14,17,-0.5099
330,145.34,A,2024-01-14 18:00:00,high,2024-01-14,18,1.561
331,119.13,B,2024-01-14 19:00:00,high,2024-01-14,19,0.6696
332,79.03,C,2024-01-14 20:00:00,medium,2024-01-14,20,-0.6942
333,69.59,B,2024-01-14 21:00:00,medium,2024-01-14,21,-1.0152
334,100.98,B,2024-01-14 22:00:00,high,2024-01-14,22,0.0523
335,63.5,B,2024-01-14 23:00:00,medium,2024-01-14,23,-1.2224
336,79.87,A,2024-01-15 00:00:00,medium,2024-01-15,0,-0.6656
337,109.36,B,2024-01-15 01:00:00,high,2024-01-15,1,0.3373
338,134.66,UNKNOWN,2024-01-15 02:00:00,high,2024-01-15,2,1.1978
339,118.26,UNKNOWN,2024-01-15 03:00:00,high,2024-01-15,3,0.64
341,109.13,C,2024-01-15 05:00:00,high,2024-01-15,5,0.3295
342,102.16,A,2024-01-15 06:00:00,high,2024-01-15,6,0.0925
343,112.42,UNKNOWN,2024-01-15 07:00:00,high,2024-01-15,7,0.4414
344,148.49,A,2024-01-15 08:00:00,high,2024-01-15,8,1.6681
345,38.1,UNKNOWN,2024-01-15 09:00:00,low,2024-01-15,9,-2.0862
346,82.27,C,2024-01-15 10:00:00,medium,2024-01-15,10,-0.584
347,117.73,A,2024-01-15 11:00:00,high,2024-01-15,11,0.622
348,52.55,A,2024-01-15 12:00:00,medium,2024-01-15,12,-1.5948
349,144.28,C,2024-01-15 13:00:00,high,2024-01-15,13,1.525
350,111.05,A,2024-01-15 14:00:00,high,2024-01-15,14,0.3948
351,125.4,B,2024-01-15 15:00:00,high,2024-01-15,15,0.8828
352,82.87,UNKNOWN,2024-01-15 16:00:00,medium,2024-01-15,16,-0.5636
353,124.41,B,2024-01-15 17:00:00,high,2024-01-15,17,0.8492
354,132.05,A,2024-01-15 18:00:00,high,2024-01-15,18,1.109
355,106.99,B,2024-01-15 19:00:00,high,2024-01-15,19,0.2567
356,107.03,A,2024-01-15 20:00:00,high,2024-01-15,20,0.2581
357,108.11,UNKNOWN,2024-01-15 21:00:00,high,2024-01-15,21,0.2948
358,74.1,A,2024-01-15 22:00:00,medium,2024-01-15,22,-0.8619
359,95.57,A,2024-01-15 23:00:00,medium,2024-01-15,23,-0.1317
360,95.42,A,2024-01-16 00:00:00,medium,2024-01-16,0,-0.1368
361,111.5,UNKNOWN,2024-01-16 01:00:00,high,2024-01-16,1,0.4101
362,129.99,A,2024-01-16 02:00:00,high,2024-01-16,2,1.039
363,68.24,C,2024-01-16 03:00:00,medium,2024-01-16,3,-1.0612
364,96.25,C,2024-01-16 04:00:00,medium,2024-01-16,4,-0.1085
365,144.44,C,2024-01-16 05:00:00,high,2024-01-16,5,1.5304
366,77.69,UNKNOWN,2024-01-16 06:00:00,medium,2024-01-16,6,-0.7398
367,75.33,C,2024-01-16 07:00:00,medium,2024-01-16,7,-0.82
368,106.07,UNKNOWN,2024-01-16 08:00:00,high,2024-01-16,8,0.2254
369,125.33,A,2024-01-16 09:00:00,high,2024-01-16,9,0.8805
370,100.34,C,2024-01-16 10:00:00,high,2024-01-16,10,0.0306
371,139.87,B,2024-01-16 11:00:00,high,2024-01-16,11,1.375
372,125.7,B,2024-01-16 12:00:00,high,2024-01-16,12,0.8931
373,125.25,C,2024-01-16 13:00:00,high,2024-01-16,13,0.8777
374,116.62,UNKNOWN,2024-01-16 14:00:00,high,2024-01-16,14,0.5842
375,169.83,C,2024-01-16 15:00:00,premium,2024-01-16,15,2.3939
376,93.85,B,2024-01-16 16:00:00,medium,2024-01-16,16,-0.1902
377,39.89,B,2024-01-16 17:00:00,low,2024-01-16,17,-2.0253
378,148.13,A,2024-01-16 18:00:00,high,2024-01-16,18,1.6559
379,86.27,A,2024-01-16 19:00:00,medium,2024-01-16,19,-0.448
380,103.24,A,2024-01-16 20:00:00,high,2024-01-16,20,0.1292
381,139.29,A,2024-01-16 21:00:00,high,2024-01-16,21,1.3552
382,51.93,A,2024-01-16 22:00:00,medium,2024-01-16,22,-1.6159
383,62.45,C,2024-01-16 23:00:00,medium,2024-01-16,23,-1.2581
384,51.96,B,2024-01-17 00:00:00,medium,2024-01-17,0,-1.6148
385,76.18,UNKNOWN,2024-01-17 01:00:00,medium,2024-01-17,1,-0.7911
386,113.19,B,2024-01-17 02:00:00,high,2024-01-17,2,0.4676
387,115.73,A,2024-01-17 03:00:00,high,2024-01-17,3,0.554
388,108.29,A,2024-01-17 04:00:00,high,2024-01-17,4,0.3009
389,57.62,A,2024-01-17 05:00:00,medium,2024-01-17,5,-1.4223
390,30.7,UNKNOWN,2024-01-17 06:00:00,low,2024-01-17,6,-2.3379
391,101.63,A,2024-01-17 07:00:00,high,2024-01-17,7,0.0744
392,85.85,B,2024-01-17 08:00:00,medium,2024-01-17,8,-0.4622
393,113.78,UNKNOWN,2024-01-17 09:00:00,high,2024-01-17,9,0.4877
394,121.06,UNKNOWN,2024-01-17 10:00:00,high,2024-01-17,10,0.7352
395,104.15,A,2024-01-17 11:00:00,high,2024-01-17,11,0.1601
396,122.8,A,2024-01-17 12:00:00,high,2024-01-17,12,0.7944
397,106.88,A,2024-01-17 13:00:00,high,2024-01-17,13,0.253
398,115.9,A,2024-01-17 14:00:00,high,2024-01-17,14,0.5598
400,94.61,B,2024-01-17 16:00:00,medium,2024-01-17,16,-0.1643
401,105.9,UNKNOWN,2024-01-17 17:00:00,high,2024-01-17,17,0.2197
402,124.62,B,2024-01-17 18:00:00,high,2024-01-17,18,0.8563
403,88.19,B,2024-01-17 19:00:00,medium,2024-01-17,19,-0.3827
404,115.64,A,2024-01-17 20:00:00,high,2024-01-17,20,0.5509
405,92.02,C,2024-01-17 21:00:00,medium,2024-01-17,21,-0.2524
407,124.89,C,2024-01-17 23:00:00,high,2024-01-17,23,0.8655
408,40.21,UNKNOWN,2024-01-18 00:00:00,low,2024-01-18,0,-2.0145
409,61.11,A,2024-01-18 01:00:00,medium,2024-01-18,1,-1.3036
410,55.53,A,2024-01-18 02:00:00,medium,2024-01-18,2,-1.4934
411,29.99,A,2024-01-18 03:00:00,low,2024-01-18,3,-2.362
412,79.65,B,2024-01-18 04:00:00,medium,2024-01-18,4,-0.6731
413,122.48,UNKNOWN,2024-01-18 05:00:00,high,2024-01-18,5,0.7835
414,91.45,A,2024-01-18 06:00:00,medium,2024-01-18,6,-0.2718
415,105.93,C,2024-01-18 07:00:00,high,2024-01-18,7,0.2207
416,132.68,B,2024-01-18 08:00:00,high,2024-01-18,8,1.1304
417,139.83,A,2024-01-18 09:00:00,high,2024-01-18,9,1.3736
418,97.93,A,2024-01-18 10:00:00,medium,2024-01-18,10,-0.0514
419,140.61,B,2024-01-18 11:00:00,high,2024-01-18,11,1.4001
420,102.76,B,2024-01-18 12:00:00,high,2024-01-18,12,0.1129
421,74.88,B,2024-01-18 13:00:00,medium,2024-01-18,13,-0.8353
422,82.17,A,2024-01-18 14:00:00,medium,2024-01-18,14,-0.5874
423,55.58,C,2024-01-18 15:00:00,medium,2024-01-18,15,-1.4917
424,73.36,A,2024-01-18 16:00:00,medium,2024-01-18,16,-0.887
425,89.26,UNKNOWN,2024-01-18 17:00:00,medium,2024-01-18,17,-0.3463
426,124.11,A,2024-01-18 18:00:00,high,2024-01-18,18,0.839
427,151.62,A,2024-01-18 19:00:00,premium,2024-01-18,19,1.7746
428,58.53,B,2024-01-18 20:00:00,medium,2024-01-18,20,-1.3914
429,111.78,B,2024-01-18 21:00:00,high,2024-01-18,21,0.4196
430,68.78,B,2024-01-18 22:00:00,medium,2024-01-18,22,-1.0428
431,114.24,B,2024-01-18 23:00:00,high,2024-01-18,23,0.5033
432,96.07,UNKNOWN,2024-01-19 00:00:00,medium,2024-01-19,0,-0.1147
433,45.07,B,2024-01-19 01:00:00,low,2024-01-19,1,-1.8492
434,127.85,B,2024-01-19 02:00:00,high,2024-01-19,2,0.9662
435,81.85,B,2024-01-19 03:00:00,medium,2024-01-19,3,-0.5983
436,83.98,A,2024-01-19 04:00:00,medium,2024-01-19,4,-0.5258
437,67.91,B,2024-01-19 05:00:00,medium,2024-01-19,5,-1.0724
438,80.37,A,2024-01-19 06:00:00,medium,2024-01-19,6,-0.6486
440,94.32,A,2024-01-19 08:00:00,medium,2024-01-19,8,-0.1742
441,109.86,UNKNOWN,2024-01-19 09:00:00,high,2024-01-19,9,0.3543
442,110.86,B,2024-01-19 10:00:00,high,2024-01-19,10,0.3883
443,139.62,C,2024-01-19 11:00:00,high,2024-01-19,11,1.3665
444,89.72,B,2024-01-19 12:00:00,medium,2024-01-19,12,-0.3306
445,55.69,A,2024-01-19 13:00:00,medium,2024-01-19,13,-1.488
446,132.02,C,2024-01-19 14:00:00,high,2024-01-19,14,1.108
447,90.06,B,2024-01-19 15:00:00,medium,2024-01-19,15,-0.3191
448,133.44,C,2024-01-19 16:00:00,high,2024-01-19,16,1.1563
449,111.5,B,2024-01-19 17:00:00,high,2024-01-19,17,0.4101
450,96.07,B,2024-01-19 18:00:00,medium,2024-01-19,18,-0.1147
451,110.46,C,2024-01-19 19:00:00,high,2024-01-19,19,0.3747
452,158.53,B,2024-01-19 20:00:00,premium,2024-01-19,20,2.0096
453,162.31,A,2024-01-19 21:00:00,premium,2024-01-19,21,2.1382
454,102.08,B,2024-01-19 22:00:00,high,2024-01-19,22,0.0897
455,104.81,B,2024-01-19 23:00:00,high,2024-01-19,23,0.1826
456,132.29,UNKNOWN,2024-01-20 00:00:00,high,2024-01-20,0,1.1172
457,74.63,A,2024-01-20 01:00:00,medium,2024-01-20,1,-0.8438
458,109.99,B,2024-01-20 02:00:00,high,2024-01-20,2,0.3588
459,99.22,C,2024-01-20 03:00:00,medium,2024-01-20,3,-0.0075
460,109.42,B,2024-01-20 04:00:00,high,2024-01-20,4,0.3394
461,75.0,C,2024-01-20 05:00:00,medium,2024-01-20,5,-0.8312
463,37.81,A,2024-01-20 07:00:00,low,2024-01-20,7,-2.0961
464,66.48,C,2024-01-20 08:00:00,medium,2024-01-20,8,-1.121
465,86.24,A,2024-01-20 09:00:00,medium,2024-01-20,9,-0.449
466,91.2,A,2024-01-20 10:00:00,medium,2024-01-20,10,-0.2803
467,158.12,B,2024-01-20 11:00:00,premium,2024-01-20,11,1.9956
468,133.18,C,2024-01-20 12:00:00,high,2024-01-20,12,1.1474
469,71.14,C,2024-01-20 13:00:00,medium,2024-01-20,13,-0.9625
470,110.43,A,2024-01-20 14:00:00,high,2024-01-20,14,0.3737
471,87.79,A,2024-01-20 15:00:00,medium,2024-01-20,15,-0.3963
472,91.47,UNKNOWN,2024-01-20 16:00:00,medium,2024-01-20,16,-0.2711
473,105.56,A,2024-01-20 17:00:00,high,2024-01-20,17,0.2081
474,118.58,A,2024-01-20 18:00:00,high,2024-01-20,18,0.6509
475,89.82,A,2024-01-20 19:00:00,medium,2024-01-20,19,-0.3272
476,131.92,B,2024-01-20 20:00:00,high,2024-01-20,20,1.1046
477,65.74,C,2024-01-20 21:00:00,medium,2024-01-20,21,-1.1462
478,100.19,C,2024-01-20 22:00:00,high,2024-01-20,22,0.0255
479,177.93,C,2024-01-20 23:00:00,premium,2024-01-20,23,2.6694
480,106.69,A,2024-01-21 00:00:00,high,2024-01-21,0,0.2465
481,143.0,A,2024-01-21 01:00:00,high,2024-01-21,1,1.4814
482,102.75,B,2024-01-21 02:00:00,high,2024-01-21,2,0.1125
483,117.42,A,2024-01-21 03:00:00,high,2024-01-21,3,0.6114
484,98.3,A,2024-01-21 04:00:00,medium,2024-01-21,4,-0.0388
485,94.89,A,2024-01-21 05:00:00,medium,2024-01-21,5,-0.1548
486,76.62,A,2024-01-21 06:00:00,medium,2024-01-21,6,-0.7762
487,112.91,B,2024-01-21 07:00:00,high,2024-01-21,7,0.4581
488,74.45,C,2024-01-21 08:00:00,medium,2024-01-21,8,-0.85
489,119.97,A,2024-01-21 09:00:00,high,2024-01-21,9,0.6982
490,132.56,B,2024-01-21 10:00:00,high,2024-01-21,10,1.1264
491,111.0,C,2024-01-21 11:00:00,high,2024-01-21,11,0.3931
492,91.41,C,2024-01-21 12:00:00,medium,2024-01-21,12,-0.2731
493,113.62,C,2024-01-21 13:00:00,high,2024-01-21,13,0.4822
494,90.74,B,2024-01-21 14:00:00,medium,2024-01-21,14,-0.2959
495,128.07,C,2024-01-21 15:00:00,high,2024-01-21,15,0.9737
496,45.06,A,2024-01-21 16:00:00,low,2024-01-21,16,-1.8495
497,89.93,A,2024-01-21 17:00:00,medium,2024-01-21,17,-0.3235
498,40.28,A,2024-01-21 18:00:00,low,2024-01-21,18,-2.0121
499,55.15,B,2024-01-21 19:00:00,medium,2024-01-21,19,-1.5063
500,140.92,A,2024-01-21 20:00:00,high,2024-01-21,20,1.4107
501,126.86,A,2024-01-21 21:00:00,high,2024-01-21,21,0.9325
502,78.42,C,2024-01-21 22:00:00,medium,2024-01-21,22,-0.7149
503,54.92,A,2024-01-21 23:00:00,medium,2024-01-21,23,-1.5142
504,11.06,A,2024-01-22 00:00:00,low,2024-01-22,0,-3.0058
505,83.7,A,2024-01-22 01:00:00,medium,2024-01-22,1,-0.5354
506,172.61,B,2024-01-22 02:00:00,premium,2024-01-22,2,2.4885
507,113.05,A,2024-01-22 03:00:00,high,2024-01-22,3,0.4628
508,83.21,A,2024-01-22 04:00:00,medium,2024-01-22,4,-0.552
509,113.95,A,2024-01-22 05:00:00,high,2024-01-22,5,0.4934
510,53.17,C,2024-01-22 06:00:00,medium,2024-01-22,6,-1.5737
511,91.08,UNKNOWN,2024-01-22 07:00:00,medium,2024-01-22,7,-0.2844
512,102.98,B,2024-01-22 08:00:00,high,2024-01-22,8,0.1203
513,97.42,B,2024-01-22 09:00:00,medium,2024-01-22,9,-0.0687
514,123.72,C,2024-01-22 10:00:00,high,2024-01-22,10,0.8257
515,110.34,UNKNOWN,2024-01-22 11:00:00,high,2024-01-22,11,0.3707
516,120.05,B,2024-01-22 12:00:00,high,2024-01-22,12,0.7009
517,79.35,C,2024-01-22 13:00:00,medium,2024-01-22,13,-0.6833
518,126.93,UNKNOWN,2024-01-22 14:00:00,high,2024-01-22,14,0.9349
519,148.87,C,2024-01-22 15:00:00,high,2024-01-22,15,1.6811
520,70.9,B,2024-01-22 16:00:00,medium,2024-01-22,16,-0.9707
521,73.37,A,2024-01-22 17:00:00,medium,2024-01-22,17,-0.8867
522,140.07,A,2024-01-22 18:00:00,high,2024-01-22,18,1.3818
523,94.26,B,2024-01-22 19:00:00,medium,2024-01-22,19,-0.1762
524,142.11,B,2024-01-22 20:00:00,high,2024-01-22,20,1.4512
525,86.72,B,2024-01-22 21:00:00,medium,2024-01-22,21,-0.4327
526,143.65,B,2024-01-22 22:00:00,high,2024-01-22,22,1.5035
527,103.94,B,2024-01-22 23:00:00,high,2024-01-22,23,0.153
528,107.75,C,2024-01-23 00:00:00,high,2024-01-23,0,0.2826
529,146.94,A,2024-01-23 01:00:00,high,2024-01-23,1,1.6154
530,89.15,A,2024-01-23 02:00:00,medium,2024-01-23,2,-0.35
531,71.77,C,2024-01-23 03:00:00,medium,2024-01-23,3,-0.9411
532,86.54,C,2024-01-23 04:00:00,medium,2024-01-23,4,-0.4388
533,113.57,UNKNOWN,2024-01-23 05:00:00,high,2024-01-23,5,0.4805
534,53.03,C,2024-01-23 06:00:00,medium,2024-01-23,6,-1.5784
535,119.12,C,2024-01-23 07:00:00,high,2024-01-23,7,0.6693
536,83.84,A,2024-01-23 08:00:00,medium,2024-01-23,8,-0.5306
537,134.43,B,2024-01-23 09:00:00,high,2024-01-23,9,1.19
538,28.17,A,2024-01-23 10:00:00,low,2024-01-23,10,-2.4239
539,76.4,B,2024-01-23 11:00:00,medium,2024-01-23,11,-0.7836
540,49.41,UNKNOWN,2024-01-23 12:00:00,low,2024-01-23,12,-1.7016
541,75.21,A,2024-01-23 13:00:00,medium,2024-01-23,13,-0.8241
542,107.43,B,2024-01-23 14:00:00,high,2024-01-23,14,0.2717
543,94.62,A,2024-01-23 15:00:00,medium,2024-01-23,15,-0.164
544,92.4,A,2024-01-23 16:00:00,medium,2024-01-23,16,-0.2395
545,95.22,A,2024-01-23 17:00:00,medium,2024-01-23,17,-0.1436
546,106.1,A,2024-01-23 18:00:00,high,2024-01-23,18,0.2265
547,69.74,UNKNOWN,2024-01-23 19:00:00,medium,2024-01-23,19,-1.0101
548,121.21,B,2024-01-23 20:00:00,high,2024-01-23,20,0.7403
549,119.88,C,2024-01-23 21:00:00,high,2024-01-23,21,0.6951
550,111.55,B,2024-01-23 22:00:00,high,2024-01-23,22,0.4118
551,116.7,A,2024-01-23 23:00:00,high,2024-01-23,23,0.587
552,108.89,A,2024-01-24 00:00:00,high,2024-01-24,0,0.3213
553,161.05,C,2024-01-24 01:00:00,premium,2024-01-24,1,2.0953
554,97.39,A,2024-01-24 02:00:00,medium,2024-01-24,2,-0.0698
555,90.79,UNKNOWN,2024-01-24 03:00:00,medium,2024-01-24,3,-0.2942
556,77.39,A,2024-01-24 04:00:00,medium,2024-01-24,4,-0.75
557,69.03,B,2024-01-24 05:00:00,medium,2024-01-24,5,-1.0343
558,62.67,C,2024-01-24 06:00:00,medium,2024-01-24,6,-1.2506
559,73.34,A,2024-01-24 07:00:00,medium,2024-01-24,7,-0.8877
560,97.88,A,2024-01-24 08:00:00,medium,2024-01-24,8,-0.0531
561,110.03,UNKNOWN,2024-01-24 09:00:00,high,2024-01-24,9,0.3601
562,101.53,A,2024-01-24 10:00:00,high,2024-01-24,10,0.071
563,77.03,B,2024-01-24 11:00:00,medium,2024-01-24,11,-0.7622
564,127.01,B,2024-01-24 12:00:00,high,2024-01-24,12,0.9376
565,122.18,A,2024-01-24 13:00:00,high,2024-01-24,13,0.7733
566,95.21,C,2024-01-24 14:00:00,medium,2024-01-24,14,-0.1439
567,80.41,C,2024-01-24 15:00:00,medium,2024-01-24,15,-0.6473
568,116.45,A,2024-01-24 16:00:00,high,2024-01-24,16,0.5785
569,105.64,C,2024-01-24 17:00:00,high,2024-01-24,17,0.2108
570,56.56,A,2024-01-24 18:00:00,medium,2024-01-24,18,-1.4584
571,97.96,A,2024-01-24 19:00:00,medium,2024-01-24,19,-0.0504
572,107.86,B,2024-01-24 20:00:00,high,2024-01-24,20,0.2863
573,73.01,UNKNOWN,2024-01-24 21:00:00,medium,2024-01-24,21,-0.8989
574,105.7,A,2024-01-24 22:00:00,high,2024-01-24,22,0.2129
575,56.36,A,2024-01-24 23:00:00,medium,2024-01-24,23,-1.4652
576,140.09,B,2024-01-25 00:00:00,high,2024-01-25,0,1.3825
577,137.44,C,2024-01-25 01:00:00,high,2024-01-25,1,1.2923
578,92.42,A,2024-01-25 02:00:00,medium,2024-01-25,2,-0.2388
579,110.9,A,2024-01-25 03:00:00,high,2024-01-25,3,0.3897
580,27.7,C,2024-01-25 04:00:00,low,2024-01-25,4,-2.4399
581,65.31,A,2024-01-25 05:00:00,medium,2024-01-25,5,-1.1608
582,91.19,A,2024-01-25 06:00:00,medium,2024-01-25,6,-0.2806
583,67.84,A,2024-01-25 07:00:00,medium,2024-01-25,7,-1.0748
584,121.43,B,2024-01-25 08:00:00,high,2024-01-25,8,0.7478
585,159.92,B,2024-01-25 09:00:00,premium,2024-01-25,9,2.0569
586,64.7,C,2024-01-25 10:00:00,medium,2024-01-25,10,-1.1816
587,74.88,B,2024-01-25 11:00:00,medium,2024-01-25,11,-0.8353
588,107.06,B,2024-01-25 12:00:00,high,2024-01-25,12,0.2591
589,148.33,UNKNOWN,2024-01-25 13:00:00,high,2024-01-25,13,1.6627
590,63.33,B,2024-01-25 14:00:00,medium,2024-01-25,14,-1.2281
591,107.47,B,2024-01-25 15:00:00,high,2024-01-25,15,0.2731
592,154.64,UNKNOWN,2024-01-25 16:00:00,premium,2024-01-25,16,1.8773
593,50.45,A,2024-01-25 17:00:00,medium,2024-01-25,17,-1.6662
594,61.57,C,2024-01-25 18:00:00,medium,2024-01-25,18,-1.288
595,87.29,C,2024-01-25 19:00:00,medium,2024-01-25,19,-0.4133
596,84.38,A,2024-01-25 20:00:00,medium,2024-01-25,20,-0.5122
597,124.38,B,2024-01-25 21:00:00,high,2024-01-25,21,0.8482
598,107.25,A,2024-01-25 22:00:00,high,2024-01-25,22,0.2656
599,46.75,A,2024-01-25 23:00:00,low,2024-01-25,23,-1.792
600,115.46,B,2024-01-26 00:00:00,high,2024-01-26,0,0.5448
601,82.67,A,2024-01-26 01:00:00,medium,2024-01-26,1,-0.5704
602,138.23,C,2024-01-26 02:00:00,high,2024-01-26,2,1.3192
603,81.17,UNKNOWN,2024-01-26 03:00:00,medium,2024-01-26,3,-0.6214
604,80.9,C,2024-01-26 04:00:00,medium,2024-01-26,4,-0.6306
605,116.23,A,2024-01-26 05:00:00,high,2024-01-26,5,0.571
606,122.89,A,2024-01-26 06:00:00,high,2024-01-26,6,0.7975
607,113.44,A,2024-01-26 07:00:00,high,2024-01-26,7,0.4761
608,49.43,A,2024-01-26 08:00:00,low,2024-01-26,8,-1.7009
609,116.14,UNKNOWN,2024-01-26 09:00:00,high,2024-01-26,9,0.5679
610,68.97,B,2024-01-26 10:00:00,medium,2024-01-26,10,-1.0363
611,107.06,A,2024-01-26 11:00:00,high,2024-01-26,11,0.2591
612,57.29,C,2024-01-26 12:00:00,medium,2024-01-26,12,-1.4336
613,113.39,A,2024-01-26 13:00:00,high,2024-01-26,13,0.4744
614,75.8,A,2024-01-26 14:00:00,medium,2024-01-26,14,-0.804
615,61.52,A,2024-01-26 15:00:00,medium,2024-01-26,15,-1.2897
616,121.41,B,2024-01-26 16:00:00,high,2024-01-26,16,0.7471
617,107.25,C,2024-01-26 17:00:00,high,2024-01-26,17,0.2656
618,81.58,A,2024-01-26 18:00:00,medium,2024-01-26,18,-0.6075
619,143.54,UNKNOWN,2024-01-26 19:00:00,high,2024-01-26,19,1.4998
620,86.78,C,2024-01-26 20:00:00,medium,2024-01-26,20,-0.4306
621,100.96,C,2024-01-26 21:00:00,high,2024-01-26,21,0.0516
622,108.07,A,2024-01-26 22:00:00,high,2024-01-26,22,0.2935
623,81.41,A,2024-01-26 23:00:00,medium,2024-01-26,23,-0.6132
624,114.13,C,2024-01-27 00:00:00,high,2024-01-27,0,0.4996
625,84.0,A,2024-01-27 01:00:00,medium,2024-01-27,1,-0.5252
626,87.65,B,2024-01-27 02:00:00,medium,2024-01-27,2,-0.401
627,140.88,C,2024-01-27 03:00:00,high,2024-01-27,3,1.4093
628,68.78,A,2024-01-27 04:00:00,medium,2024-01-27,4,-1.0428
629,27.62,C,2024-01-27 05:00:00,low,2024-01-27,5,-2.4426
630,148.33,UNKNOWN,2024-01-27 06:00:00,high,2024-01-27,6,1.6627
631,176.48,C,2024-01-27 07:00:00,premium,2024-01-27,7,2.6201
632,87.84,B,2024-01-27 08:00:00,medium,2024-01-27,8,-0.3946
633,41.89,C,2024-01-27 09:00:00,low,2024-01-27,9,-1.9573
634,90.69,B,2024-01-27 10:00:00,medium,2024-01-27,10,-0.2976
635,91.41,C,2024-01-27 11:00:00,medium,2024-01-27,11,-0.2731
636,94.3,C,2024-01-27 12:00:00,medium,2024-01-27,12,-0.1749
637,66.6,C,2024-01-27 13:00:00,medium,2024-01-27,13,-1.1169
638,117.39,A,2024-01-27 14:00:00,high,2024-01-27,14,0.6104
639,115.74,A,2024-01-27 15:00:00,high,2024-01-27,15,0.5543
640,55.17,A,2024-01-27 16:00:00,medium,2024-01-27,16,-1.5057
642,161.58,B,2024-01-27 18:00:00,premium,2024-01-27,18,2.1133
643,105.16,B,2024-01-27 19:00:00,high,2024-01-27,19,0.1945
644,89.88,A,2024-01-27 20:00:00,medium,2024-01-27,20,-0.3252
645,95.74,C,2024-01-27 21:00:00,medium,2024-01-27,21,-0.1259
646,118.46,UNKNOWN,2024-01-27 22:00:00,high,2024-01-27,22,0.6468
647,48.08,A,2024-01-27 23:00:00,low,2024-01-27,23,-1.7468
648,104.93,C,2024-01-28 00:00:00,high,2024-01-28,0,0.1867
649,88.29,B,2024-01-28 01:00:00,medium,2024-01-28,1,-0.3793
650,155.43,B,2024-01-28 02:00:00,premium,2024-01-28,2,1.9042
651,94.77,A,2024-01-28 03:00:00,medium,2024-01-28,3,-0.1589
652,150.04,C,2024-01-28 04:00:00,premium,2024-01-28,4,1.7208
653,66.89,UNKNOWN,2024-01-28 05:00:00,medium,2024-01-28,5,-1.1071
654,117.62,C,2024-01-28 06:00:00,high,2024-01-28,6,0.6183
655,109.58,UNKNOWN,2024-01-28 07:00:00,high,2024-01-28,7,0.3448
656,73.93,UNKNOWN,2024-01-28 08:00:00,medium,2024-01-28,8,-0.8676
657,105.32,A,2024-01-28 09:00:00,high,2024-01-28,9,0.1999
658,136.38,B,2024-01-28 10:00:00,high,2024-01-28,10,1.2563
659,90.29,B,2024-01-28 11:00:00,medium,2024-01-28,11,-0.3112
660,49.24,UNKNOWN,2024-01-28 12:00:00,low,2024-01-28,12,-1.7073
661,99.47,A,2024-01-28 13:00:00,medium,2024-01-28,13,0.001
662,72.93,B,2024-01-28 14:00:00,medium,2024-01-28,14,-0.9016
663,89.73,C,2024-01-28 15:00:00,medium,2024-01-28,15,-0.3303
664,97.55,A,2024-01-28 16:00:00,medium,2024-01-28,16,-0.0643
665,48.83,C,2024-01-28 17:00:00,low,2024-01-28,17,-1.7213
666,51.53,A,2024-01-28 18:00:00,medium,2024-01-28,18,-1.6295
667,114.46,UNKNOWN,2024-01-28 19:00:00,high,2024-01-28,19,0.5108
668,84.32,C,2024-01-28 20:00:00,medium,2024-01-28,20,-0.5143
669,23.06,A,2024-01-28 21:00:00,low,2024-01-28,21,-2.5977
670,123.55,C,2024-01-28 22:00:00,high,2024-01-28,22,0.8199
671,108.17,A,2024-01-28 23:00:00,high,2024-01-28,23,0.2969
672,78.58,B,2024-01-29 00:00:00,medium,2024-01-29,0,-0.7095
673,60.5,B,2024-01-29 01:00:00,medium,2024-01-29,1,-1.3244
674,125.07,C,2024-01-29 02:00:00,high,2024-01-29,2,0.8716
675,110.48,A,2024-01-29 03:00:00,high,2024-01-29,3,0.3754
676,171.48,A,2024-01-29 04:00:00,premium,2024-01-29,4,2.45
677,112.61,C,2024-01-29 05:00:00,high,2024-01-29,5,0.4479
678,111.63,B,2024-01-29 06:00:00,high,2024-01-29,6,0.4145
679,94.99,B,2024-01-29 07:00:00,medium,2024-01-29,7,-0.1514
680,124.5,A,2024-01-29 08:00:00,high,2024-01-29,8,0.8522
681,118.75,A,2024-01-29 09:00:00,high,2024-01-29,9,0.6567
682,137.55,C,2024-01-29 10:00:00,high,2024-01-29,10,1.2961
683,84.36,A,2024-01-29 11:00:00,medium,2024-01-29,11,-0.5129
684,86.94,A,2024-01-29 12:00:00,medium,2024-01-29,12,-0.4252
685,85.63,UNKNOWN,2024-01-29 13:00:00,medium,2024-01-29,13,-0.4697
686,123.72,A,2024-01-29 14:00:00,high,2024-01-29,14,0.8257
687,144.95,C,2024-01-29 15:00:00,high,2024-01-29,15,1.5477
688,86.23,A,2024-01-29 16:00:00,medium,2024-01-29,16,-0.4493
689,87.26,C,2024-01-29 17:00:00,medium,2024-01-29,17,-0.4143
690,109.42,C,2024-01-29 18:00:00,high,2024-01-29,18,0.3394
691,92.63,C,2024-01-29 19:00:00,medium,2024-01-29,19,-0.2317
692,128.56,A,2024-01-29 20:00:00,high,2024-01-29,20,0.9903
694,75.2,C,2024-01-29 22:00:00,medium,2024-01-29,22,-0.8244
695,76.53,A,2024-01-29 23:00:00,medium,2024-01-29,23,-0.7792
696,30.39,A,2024-01-30 00:00:00,low,2024-01-30,0,-2.3484
697,71.09,A,2024-01-30 01:00:00,medium,2024-01-30,1,-0.9642
698,72.55,UNKNOWN,2024-01-30 02:00:00,medium,2024-01-30,2,-0.9146
699,93.97,C,2024-01-30 03:00:00,medium,2024-01-30,3,-0.1861
700,133.39,B,2024-01-30 04:00:00,high,2024-01-30,4,1.1546
701,92.65,C,2024-01-30 05:00:00,medium,2024-01-30,5,-0.231
702,69.08,B,2024-01-30 06:00:00,medium,2024-01-30,6,-1.0326
703,98.29,B,2024-01-30 07:00:00,medium,2024-01-30,7,-0.0392
704,131.48,B,2024-01-30 08:00:00,high,2024-01-30,8,1.0896
705,70.72,B,2024-01-30 09:00:00,medium,2024-01-30,9,-0.9768
706,72.68,A,2024-01-30 10:00:00,medium,2024-01-30,10,-0.9102
707,116.76,C,2024-01-30 11:00:00,high,2024-01-30,11,0.589
708,93.35,C,2024-01-30 12:00:00,medium,2024-01-30,12,-0.2072
709,119.42,A,2024-01-30 13:00:00,high,2024-01-30,13,0.6795
710,99.59,B,2024-01-30 14:00:00,medium,2024-01-30,14,0.0051
711,121.05,A,2024-01-30 15:00:00,high,2024-01-30,15,0.7349
712,68.95,UNKNOWN,2024-01-30 16:00:00,medium,2024-01-30,16,-1.037
713,99.64,UNKNOWN,2024-01-30 17:00:00,medium,2024-01-30,17,0.0068
714,93.68,UNKNOWN,2024-01-30 18:00:00,medium,2024-01-30,18,-0.1959
715,63.52,A,2024-01-30 19:00:00,medium,2024-01-30,19,-1.2217
716,53.1,A,2024-01-30 20:00:00,medium,2024-01-30,20,-1.5761
717,120.57,A,2024-01-30 21:00:00,high,2024-01-30,21,0.7186
718,89.47,A,2024-01-30 22:00:00,medium,2024-01-30,22,-0.3391
719,69.33,A,2024-01-30 23:00:00,medium,2024-01-30,23,-1.0241
720,97.11,A,2024-01-31 00:00:00,medium,2024-01-31,0,-0.0793
721,133.84,UNKNOWN,2024-01-31 01:00:00,high,2024-01-31,1,1.1699
722,31.58,A,2024-01-31 02:00:00,low,2024-01-31,2,-2.308
723,55.1,A,2024-01-31 03:00:00,medium,2024-01-31,3,-1.508
724,72.31,C,2024-01-31 04:00:00,medium,2024-01-31,4,-0.9227
725,143.84,B,2024-01-31 05:00:00,high,2024-01-31,5,1.51
726,108.48,C,2024-01-31 06:00:00,high,2024-01-31,6,0.3074
727,123.02,B,2024-01-31 07:00:00,high,2024-01-31,7,0.8019
728,65.8,C,2024-01-31 08:00:00,medium,2024-01-31,8,-1.1441
729,66.41,B,2024-01-31 09:00:00,medium,2024-01-31,9,-1.1234
730,113.43,B,2024-01-31 10:00:00,high,2024-01-31,10,0.4757
731,101.75,C,2024-01-31 11:00:00,high,2024-01-31,11,0.0785
732,116.46,B,2024-01-31 12:00:00,high,2024-01-31,12,0.5788
733,94.37,A,2024-01-31 13:00:00,medium,2024-01-31,13,-0.1725
734,108.34,B,2024-01-31 14:00:00,high,2024-01-31,14,0.3026
735,104.74,A,2024-01-31 15:00:00,high,2024-01-31,15,0.1802
736,123.33,C,2024-01-31 16:00:00,high,2024-01-31,16,0.8124
737,124.21,A,2024-01-31 17:00:00,high,2024-01-31,17,0.8424
738,51.4,A,2024-01-31 18:00:00,medium,2024-01-31,18,-1.6339
739,32.58,A,2024-01-31 19:00:00,low,2024-01-31,19,-2.2739
740,130.05,C,2024-01-31 20:00:00,high,2024-01-31,20,1.041
741,135.63,A,2024-01-31 21:00:00,high,2024-01-31,21,1.2308
742,69.38,B,2024-01-31 22:00:00,medium,2024-01-31,22,-1.0224
743,44.2,C,2024-01-31 23:00:00,low,2024-01-31,23,-1.8788
744,102.97,A,2024-02-01 00:00:00,high,2024-02-01,0,0.12
745,127.93,C,2024-02-01 01:00:00,high,2024-02-01,1,0.9689
746,153.93,A,2024-02-01 02:00:00,premium,2024-02-01,2,1.8531
747,115.49,A,2024-02-01 03:00:00,high,2024-02-01,3,0.5458
748,88.85,B,2024-02-01 04:00:00,medium,2024-02-01,4,-0.3602
749,73.21,UNKNOWN,2024-02-01 05:00:00,medium,2024-02-01,5,-0.8921
750,100.34,A,2024-02-01 06:00:00,high,2024-02-01,6,0.0306
751,91.02,B,2024-02-01 07:00:00,medium,2024-02-01,7,-0.2864
752,69.55,A,2024-02-01 08:00:00,medium,2024-02-01,8,-1.0166
753,161.46,B,2024-02-01 09:00:00,premium,2024-02-01,9,2.1092
754,153.56,B,2024-02-01 10:00:00,premium,2024-02-01,10,1.8406
755,134.08,B,2024-02-01 11:00:00,high,2024-02-01,11,1.1781
756,72.37,B,2024-02-01 12:00:00,medium,2024-02-01,12,-0.9207
757,125.65,A,2024-02-01 13:00:00,high,2024-02-01,13,0.8913
758,119.19,B,2024-02-01 14:00:00,high,2024-02-01,14,0.6716
759,113.28,B,2024-02-01 15:00:00,high,2024-02-01,15,0.4706
760,137.49,B,2024-02-01 16:00:00,high,2024-02-01,16,1.294
761,119.06,A,2024-02-01 17:00:00,high,2024-02-01,17,0.6672
762,122.2,B,2024-02-01 18:00:00,high,2024-02-01,18,0.774
763,119.11,B,2024-02-01 19:00:00,high,2024-02-01,19,0.6689
764,110.22,A,2024-02-01 20:00:00,high,2024-02-01,20,0.3666
765,46.49,A,2024-02-01 21:00:00,low,2024-02-01,21,-1.8009
766,102.51,B,2024-02-01 22:00:00,high,2024-02-01,22,0.1044
767,83.31,C,2024-02-01 23:00:00,medium,2024-02-01,23,-0.5486
768,61.6,A,2024-02-02 00:00:00,medium,2024-02-02,0,-1.287
769,150.45,C,2024-02-02 01:00:00,premium,2024-02-02,1,1.7348
770,151.87,B,2024-02-02 02:00:00,premium,2024-02-02,2,1.7831
771,140.78,C,2024-02-02 03:00:00,high,2024-02-02,3,1.4059
772,107.66,B,2024-02-02 04:00:00,high,2024-02-02,4,0.2795
773,140.52,B,2024-02-02 05:00:00,high,2024-02-02,5,1.3971
774,100.36,B,2024-02-02 06:00:00,high,2024-02-02,6,0.0312
775,106.08,UNKNOWN,2024-02-02 07:00:00,high,2024-02-02,7,0.2258
776,67.2,B,2024-02-02 08:00:00,medium,2024-02-02,8,-1.0965
777,111.91,B,2024-02-02 09:00:00,high,2024-02-02,9,0.4241
778,101.81,B,2024-02-02 10:00:00,high,2024-02-02,10,0.0806
779,60.92,C,2024-02-02 11:00:00,medium,2024-02-02,11,-1.3101
780,98.46,A,2024-02-02 12:00:00,medium,2024-02-02,12,-0.0334
781,97.61,B,2024-02-02 13:00:00,medium,2024-02-02,13,-0.0623
782,153.93,B,2024-02-02 14:00:00,premium,2024-02-02,14,1.8531
783,126.83,UNKNOWN,2024-02-02 15:00:00,high,2024-02-02,15,0.9315
784,100.34,B,2024-02-02 16:00:00,high,2024-02-02,16,0.0306
785,107.46,B,2024-02-02 17:00:00,high,2024-02-02,17,0.2727
786,101.33,UNKNOWN,2024-02-02 18:00:00,high,2024-02-02,18,0.0642
787,93.91,B,2024-02-02 19:00:00,medium,2024-02-02,19,-0.1881
788,67.53,A,2024-02-02 20:00:00,medium,2024-02-02,20,-1.0853
789,95.47,A,2024-02-02 21:00:00,medium,2024-02-02,21,-0.1351
790,77.62,A,2024-02-02 22:00:00,medium,2024-02-02,22,-0.7421
791,62.49,A,2024-02-02 23:00:00,medium,2024-02-02,23,-1.2567
792,115.34,B,2024-02-03 00:00:00,high,2024-02-03,0,0.5407
793,111.74,C,2024-02-03 01:00:00,high,2024-02-03,1,0.4183
794,46.4,C,2024-02-03 02:00:00,low,2024-02-03,2,-1.8039
795,96.32,A,2024-02-03 03:00:00,medium,2024-02-03,3,-0.1062
796,129.87,B,2024-02-03 04:00:00,high,2024-02-03,4,1.0349
797,131.78,A,2024-02-03 05:00:00,high,2024-02-03,5,1.0998
798,130.78,UNKNOWN,2024-02-03 06:00:00,high,2024-02-03,6,1.0658
799,101.17,A,2024-02-03 07:00:00,high,2024-02-03,7,0.0588
800,74.65,B,2024-02-03 08:00:00,medium,2024-02-03,8,-0.8432
801,67.49,A,2024-02-03 09:00:00,medium,2024-02-03,9,-1.0867
802,110.34,B,2024-02-03 10:00:00,high,2024-02-03,10,0.3707
803,111.38,B,2024-02-03 11:00:00,high,2024-02-03,11,0.406
804,138.62,C,2024-02-03 12:00:00,high,2024-02-03,12,1.3325
805,133.0,A,2024-02-03 13:00:00,high,2024-02-03,13,1.1413
806,96.03,UNKNOWN,2024-02-03 14:00:00,medium,2024-02-03,14,-0.116
807,62.67,B,2024-02-03 15:00:00,medium,2024-02-03,15,-1.2506
808,90.43,C,2024-02-03 16:00:00,medium,2024-02-03,16,-0.3065
809,106.52,C,2024-02-03 17:00:00,high,2024-02-03,17,0.2407
810,93.94,UNKNOWN,2024-02-03 18:00:00,medium,2024-02-03,18,-0.1871
811,82.66,A,2024-02-03 19:00:00,medium,2024-02-03,19,-0.5707
812,107.59,A,2024-02-03 20:00:00,high,2024-02-03,20,0.2771
813,84.88,A,2024-02-03 21:00:00,medium,2024-02-03,21,-0.4952
814,81.16,A,2024-02-03 22:00:00,medium,2024-02-03,22,-0.6217
815,109.34,B,2024-02-03 23:00:00,high,2024-02-03,23,0.3366
816,87.94,UNKNOWN,2024-02-04 00:00:00,medium,2024-02-04,0,-0.3912
817,107.32,UNKNOWN,2024-02-04 01:00:00,high,2024-02-04,1,0.2679
818,108.2,B,2024-02-04 02:00:00,high,2024-02-04,2,0.2979
819,65.82,B,2024-02-04 03:00:00,medium,2024-02-04,3,-1.1435
820,85.56,C,2024-02-04 04:00:00,medium,2024-02-04,4,-0.4721
821,143.13,UNKNOWN,2024-02-04 05:00:00,high,2024-02-04,5,1.4858
822,65.14,A,2024-02-04 06:00:00,medium,2024-02-04,6,-1.1666
823,36.5,B,2024-02-04 07:00:00,low,2024-02-04,7,-2.1406
824,44.14,C,2024-02-04 08:00:00,low,2024-02-04,8,-1.8808
825,100.87,A,2024-02-04 09:00:00,high,2024-02-04,9,0.0486
826,100.93,B,2024-02-04 10:00:00,high,2024-02-04,10,0.0506
827,96.47,UNKNOWN,2024-02-04 11:00:00,medium,2024-02-04,11,-0.1011
828,136.43,UNKNOWN,2024-02-04 12:00:00,high,2024-02-04,12,1.258
829,19.81,UNKNOWN,2024-02-04 13:00:00,low,2024-02-04,13,-2.7083
830,111.88,C,2024-02-04 14:00:00,high,2024-02-04,14,0.423
831,146.84,A,2024-02-04 15:00:00,high,2024-02-04,15,1.612
832,66.17,A,2024-02-04 16:00:00,medium,2024-02-04,16,-1.1316
833,88.61,B,2024-02-04 17:00:00,medium,2024-02-04,17,-0.3684
834,77.41,B,2024-02-04 18:00:00,medium,2024-02-04,18,-0.7493
835,73.17,B,2024-02-04 19:00:00,medium,2024-02-04,19,-0.8935
836,90.21,B,2024-02-04 20:00:00,medium,2024-02-04,20,-0.314
837,142.82,B,2024-02-04 21:00:00,high,2024-02-04,21,1.4753
838,155.12,C,2024-02-04 22:00:00,premium,2024-02-04,22,1.8936
839,89.92,A,2024-02-04 23:00:00,medium,2024-02-04,23,-0.3238
840,157.15,A,2024-02-05 00:00:00,premium,2024-02-05,0,1.9627
841,101.07,A,2024-02-05 01:00:00,high,2024-02-05,1,0.0554
842,152.61,A,2024-02-05 02:00:00,premium,2024-02-05,2,1.8083
843,97.2,C,2024-02-05 03:00:00,medium,2024-02-05,3,-0.0762
844,103.93,B,2024-02-05 04:00:00,high,2024-02-05,4,0.1527
845,110.96,A,2024-02-05 05:00:00,high,2024-02-05,5,0.3917
846,195.37,C,2024-02-05 06:00:00,premium,2024-02-05,6,3.2625
847,125.54,B,2024-02-05 07:00:00,high,2024-02-05,7,0.8876
848,78.78,A,2024-02-05 08:00:00,medium,2024-02-05,8,-0.7027
849,129.07,A,2024-02-05 09:00:00,high,2024-02-05,9,1.0077
850,89.15,A,2024-02-05 10:00:00,medium,2024-02-05,10,-0.35
851,85.31,B,2024-02-05 11:00:00,medium,2024-02-05,11,-0.4806
852,127.26,A,2024-02-05 12:00:00,high,2024-02-05,12,0.9461
853,100.93,A,2024-02-05 13:00:00,high,2024-02-05,13,0.0506
854,108.36,A,2024-02-05 14:00:00,high,2024-02-05,14,0.3033
855,100.42,B,2024-02-05 15:00:00,high,2024-02-05,15,0.0333
856,110.1,A,2024-02-05 16:00:00,high,2024-02-05,16,0.3625
857,112.75,C,2024-02-05 17:00:00,high,2024-02-05,17,0.4526
858,41.89,A,2024-02-05 18:00:00,low,2024-02-05,18,-1.9573
859,120.0,B,2024-02-05 19:00:00,high,2024-02-05,19,0.6992
860,70.54,B,2024-02-05 20:00:00,medium,2024-02-05,20,-0.9829
861,56.73,B,2024-02-05 21:00:00,medium,2024-02-05,21,-1.4526
862,98.25,A,2024-02-05 22:00:00,medium,2024-02-05,22,-0.0405
863,102.52,C,2024-02-05 23:00:00,high,2024-02-05,23,0.1047
864,79.19,C,2024-02-06 00:00:00,medium,2024-02-06,0,-0.6887
865,124.93,A,2024-02-06 01:00:00,high,2024-02-06,1,0.8669
866,59.73,A,2024-02-06 02:00:00,medium,2024-02-06,2,-1.3506
867,87.79,UNKNOWN,2024-02-06 03:00:00,medium,2024-02-06,3,-0.3963
868,82.45,B,2024-02-06 04:00:00,medium,2024-02-06,4,-0.5779
869,98.6,A,2024-02-06 05:00:00,medium,2024-02-06,5,-0.0286
870,108.37,A,2024-02-06 06:00:00,high,2024-02-06,6,0.3037
871,69.76,B,2024-02-06 07:00:00,medium,2024-02-06,7,-1.0095
872,121.73,C,2024-02-06 08:00:00,high,2024-02-06,8,0.758
873,101.89,B,2024-02-06 09:00:00,high,2024-02-06,9,0.0833
874,43.24,UNKNOWN,2024-02-06 10:00:00,low,2024-02-06,10,-1.9114
875,41.24,B,2024-02-06 11:00:00,low,2024-02-06,11,-1.9794
876,99.63,A,2024-02-06 12:00:00,medium,2024-02-06,12,0.0064
877,93.37,B,2024-02-06 13:00:00,medium,2024-02-06,13,-0.2065
878,96.9,A,2024-02-06 14:00:00,medium,2024-02-06,14,-0.0864
879,99.16,A,2024-02-06 15:00:00,medium,2024-02-06,15,-0.0096
880,106.77,A,2024-02-06 16:00:00,high,2024-02-06,16,0.2492
881,128.43,A,2024-02-06 17:00:00,high,2024-02-06,17,0.9859
882,66.67,C,2024-02-06 18:00:00,medium,2024-02-06,18,-1.1146
883,64.84,A,2024-02-06 19:00:00,medium,2024-02-06,19,-1.1768
884,67.2,B,2024-02-06 20:00:00,medium,2024-02-06,20,-1.0965
885,108.67,B,2024-02-06 21:00:00,high,2024-02-06,21,0.3139
886,137.35,B,2024-02-06 22:00:00,high,2024-02-06,22,1.2893
887,87.06,C,2024-02-06 23:00:00,medium,2024-02-06,23,-0.4211
888,24.95,C,2024-02-07 00:00:00,low,2024-02-07,0,-2.5334
889,48.88,C,2024-02-07 01:00:00,low,2024-02-07,1,-1.7196
890,75.01,A,2024-02-07 02:00:00,medium,2024-02-07,2,-0.8309
891,83.27,B,2024-02-07 03:00:00,medium,2024-02-07,3,-0.55
892,87.75,B,2024-02-07 04:00:00,medium,2024-02-07,4,-0.3976
893,101.16,A,2024-02-07 05:00:00,high,2024-02-07,5,0.0584
894,90.65,A,2024-02-07 06:00:00,medium,2024-02-07,6,-0.299
895,131.48,A,2024-02-07 07:00:00,high,2024-02-07,7,1.0896
896,79.72,B,2024-02-07 08:00:00,medium,2024-02-07,8,-0.6707
897,74.13,B,2024-02-07 09:00:00,medium,2024-02-07,9,-0.8608
898,114.37,A,2024-02-07 10:00:00,high,2024-02-07,10,0.5077
899,53.93,C,2024-02-07 11:00:00,medium,2024-02-07,11,-1.5478
900,111.69,UNKNOWN,2024-02-07 12:00:00,high,2024-02-07,12,0.4166
901,103.08,A,2024-02-07 13:00:00,high,2024-02-07,13,0.1237
902,95.58,UNKNOWN,2024-02-07 14:00:00,medium,2024-02-07,14,-0.1313
903,147.65,A,2024-02-07 15:00:00,high,2024-02-07,15,1.6396
904,81.33,UNKNOWN,2024-02-07 16:00:00,medium,2024-02-07,16,-0.616
905,161.81,UNKNOWN,2024-02-07 17:00:00,premium,2024-02-07,17,2.1211
906,93.24,A,2024-02-07 18:00:00,medium,2024-02-07,18,-0.2109
907,61.69,C,2024-02-07 19:00:00,medium,2024-02-07,19,-1.2839
908,102.1,UNKNOWN,2024-02-07 20:00:00,high,2024-02-07,20,0.0904
909,67.71,UNKNOWN,2024-02-07 21:00:00,medium,2024-02-07,21,-1.0792
910,77.45,UNKNOWN,2024-02-07 22:00:00,medium,2024-02-07,22,-0.7479
911,111.91,B,2024-02-07 23:00:00,high,2024-02-07,23,0.4241
912,116.67,A,2024-02-08 00:00:00,high,2024-02-08,0,0.5859
913,81.33,C,2024-02-08 01:00:00,medium,2024-02-08,1,-0.616
914,129.62,B,2024-02-08 02:00:00,high,2024-02-08,2,1.0264
915,134.73,B,2024-02-08 03:00:00,high,2024-02-08,3,1.2002
916,143.09,B,2024-02-08 04:00:00,high,2024-02-08,4,1.4845
917,115.88,B,2024-02-08 05:00:00,high,2024-02-08,5,0.5591
918,140.9,A,2024-02-08 06:00:00,high,2024-02-08,6,1.41
919,43.58,C,2024-02-08 07:00:00,low,2024-02-08,7,-1.8998
920,90.46,A,2024-02-08 08:00:00,medium,2024-02-08,8,-0.3055
921,73.99,C,2024-02-08 09:00:00,medium,2024-02-08,9,-0.8656
922,103.58,C,2024-02-08 10:00:00,high,2024-02-08,10,0.1408
923,82.86,B,2024-02-08 11:00:00,medium,2024-02-08,11,-0.5639
924,95.02,B,2024-02-08 12:00:00,medium,2024-02-08,12,-0.1504
925,156.47,A,2024-02-08 13:00:00,premium,2024-02-08,13,1.9395
926,94.91,UNKNOWN,2024-02-08 14:00:00,medium,2024-02-08,14,-0.1541
927,112.41,C,2024-02-08 15:00:00,high,2024-02-08,15,0.4411
928,93.03,A,2024-02-08 16:00:00,medium,2024-02-08,16,-0.2181
929,102.27,A,2024-02-08 17:00:00,high,2024-02-08,17,0.0962
930,100.18,A,2024-02-08 18:00:00,high,2024-02-08,18,0.0251
931,113.45,B,2024-02-08 19:00:00,high,2024-02-08,19,0.4764
932,134.96,UNKNOWN,2024-02-08 20:00:00,high,2024-02-08,20,1.208
933,149.42,C,2024-02-08 21:00:00,high,2024-02-08,21,1.6998
934,109.29,A,2024-02-08 22:00:00,high,2024-02-08,22,0.3349
935,117.69,C,2024-02-08 23:00:00,high,2024-02-08,23,0.6206
936,65.47,A,2024-02-09 00:00:00,medium,2024-02-09,0,-1.1554
937,97.36,C,2024-02-09 01:00:00,medium,2024-02-09,1,-0.0708
938,128.21,A,2024-02-09 02:00:00,high,2024-02-09,2,0.9784
939,125.98,B,2024-02-09 03:00:00,high,2024-02-09,3,0.9026
940,106.35,UNKNOWN,2024-02-09 04:00:00,high,2024-02-09,4,0.235
941,126.59,A,2024-02-09 05:00:00,high,2024-02-09,5,0.9233
942,114.72,B,2024-02-09 06:00:00,high,2024-02-09,6,0.5196
943,136.01,UNKNOWN,2024-02-09 07:00:00,high,2024-02-09,7,1.2437
944,108.68,A,2024-02-09 08:00:00,high,2024-02-09,8,0.3142
945,89.33,A,2024-02-09 09:00:00,medium,2024-02-09,9,-0.3439
946,110.08,B,2024-02-09 10:00:00,high,2024-02-09,10,0.3618
947,12.08,A,2024-02-09 11:00:00,low,2024-02-09,11,-2.9711
948,111.49,A,2024-02-09 12:00:00,high,2024-02-09,12,0.4098
950,48.3,C,2024-02-09 14:00:00,low,2024-02-09,14,-1.7393
951,113.55,A,2024-02-09 15:00:00,high,2024-02-09,15,0.4798
952,114.33,A,2024-02-09 16:00:00,high,2024-02-09,16,0.5064
953,65.13,C,2024-02-09 17:00:00,medium,2024-02-09,17,-1.1669
954,78.64,B,2024-02-09 18:00:00,medium,2024-02-09,18,-0.7075
955,141.12,C,2024-02-09 19:00:00,high,2024-02-09,19,1.4175
956,85.48,B,2024-02-09 20:00:00,medium,2024-02-09,20,-0.4748
957,167.29,UNKNOWN,2024-02-09 21:00:00,premium,2024-02-09,21,2.3075
958,99.94,B,2024-02-09 22:00:00,medium,2024-02-09,22,0.017
959,112.24,A,2024-02-09 23:00:00,high,2024-02-09,23,0.4353
960,148.51,C,2024-02-10 00:00:00,high,2024-02-10,0,1.6688
961,103.93,B,2024-02-10 01:00:00,high,2024-02-10,1,0.1527
962,69.93,A,2024-02-10 02:00:00,medium,2024-02-10,2,-1.0037
963,96.71,A,2024-02-10 03:00:00,medium,2024-02-10,3,-0.0929
964,98.93,B,2024-02-10 04:00:00,medium,2024-02-10,4,-0.0174
965,59.06,A,2024-02-10 05:00:00,medium,2024-02-10,5,-1.3734
966,92.33,A,2024-02-10 06:00:00,medium,2024-02-10,6,-0.2419
967,77.73,A,2024-02-10 07:00:00,medium,2024-02-10,7,-0.7384
968,127.73,B,2024-02-10 08:00:00,high,2024-02-10,8,0.9621
969,101.04,B,2024-02-10 09:00:00,high,2024-02-10,9,0.0544
970,91.52,B,2024-02-10 10:00:00,medium,2024-02-10,10,-0.2694
971,96.81,A,2024-02-10 11:00:00,medium,2024-02-10,11,-0.0895
972,106.69,A,2024-02-10 12:00:00,high,2024-02-10,12,0.2465
973,118.5,B,2024-02-10 13:00:00,high,2024-02-10,13,0.6482
974,70.01,A,2024-02-10 14:00:00,medium,2024-02-10,14,-1.001
975,68.75,B,2024-02-10 15:00:00,medium,2024-02-10,15,-1.0438
976,133.14,A,2024-02-10 16:00:00,high,2024-02-10,16,1.1461
977,87.63,A,2024-02-10 17:00:00,medium,2024-02-10,17,-0.4017
978,57.49,A,2024-02-10 18:00:00,medium,2024-02-10,18,-1.4268
979,113.31,B,2024-02-10 19:00:00,high,2024-02-10,19,0.4717
980,113.9,A,2024-02-10 20:00:00,high,2024-02-10,20,0.4917
981,54.08,C,2024-02-10 21:00:00,medium,2024-02-10,21,-1.5427
982,106.88,A,2024-02-10 22:00:00,high,2024-02-10,22,0.253
983,122.07,B,2024-02-10 23:00:00,high,2024-02-10,23,0.7696
984,111.23,B,2024-02-11 00:00:00,high,2024-02-11,0,0.4009
985,118.96,A,2024-02-11 01:00:00,high,2024-02-11,1,0.6638
986,57.87,B,2024-02-11 02:00:00,medium,2024-02-11,2,-1.4138
987,109.93,A,2024-02-11 03:00:00,high,2024-02-11,3,0.3567
988,90.92,B,2024-02-11 04:00:00,medium,2024-02-11,4,-0.2898
989,85.52,A,2024-02-11 05:00:00,medium,2024-02-11,5,-0.4735
990,126.12,C,2024-02-11 06:00:00,high,2024-02-11,6,0.9073
991,144.38,UNKNOWN,2024-02-11 07:00:00,high,2024-02-11,7,1.5284
992,153.83,A,2024-02-11 08:00:00,premium,2024-02-11,8,1.8497
993,139.44,B,2024-02-11 09:00:00,high,2024-02-11,9,1.3603
994,96.71,C,2024-02-11 10:00:00,medium,2024-02-11,10,-0.0929
995,110.58,A,2024-02-11 11:00:00,high,2024-02-11,11,0.3788
996,123.0,C,2024-02-11 12:00:00,high,2024-02-11,12,0.8012
997,103.64,B,2024-02-11 13:00:00,high,2024-02-11,13,0.1428
998,103.92,UNKNOWN,2024-02-11 14:00:00,high,2024-02-11,14,0.1523
999,124.71,UNKNOWN,2024-02-11 15:00:00,high,2024-02-11,15,0.8594
